# redirect from Netlify to custom domain

https://art-butz.netlify.app/*  https://art-butz.historiography-project.com/:splat 301!

# redirect from old locations to new locations

/hoax/*	/book/:splat 301
/pubweb/*	/website/:splat 301

# redirect site icons

/android-chrome-192x192.png /_assets/siteicons/android-chrome-192x192.png 301
/android-chrome-512x512.png /_assets/siteicons/android-chrome-512x512.png 301
/apple-touch-icon.png /_assets/siteicons/apple-touch-icon.png 301
/browserconfig.xml /_assets/siteicons/browserconfig.xml 301
/favicon-16x16.png /_assets/siteicons/favicon-16x16.png 301
/favicon-32x32.png /_assets/siteicons/favicon-32x32.png 301
/favicon.ico /_assets/siteicons/favicon.ico 301
/mstile-150x150.png /_assets/siteicons/mstile-150x150.png 301
/safari-pinned-tab.svg /_assets/siteicons/safari-pinned-tab.svg 301
/site.webmanifest /_assets/siteicons/site.webmanifest 301
